-0.43301,0.25000,0.00000,-0.25000,0.43301,-0.50000,0.43301,-0.25000,0.00000,0.25000,-0.43301,0.50000,-0.43301,0.25000,0.00000,-0.25000,0.43301,-0.50000,0.43301,-0.25000,3.0555e-7,0.25000,-0.43301,0.50000,-0.43301,0.25000,0.00000,-0.25000,0.43301,-0.50000,0.43301,-0.25000,-2.1459e-7,0.25000,-0.43301,0.50000,-0.43301,0.25000,5.0867e-7,-0.25000,0.43301,-0.50000,0.43301,-0.25000,-3.0143e-7,0.25000,-0.43301,0.50000,-0.43301,0.25000,3.5725e-7,-0.25000,0.43301,-0.50000,0.43301,-0.25000,-2.1171e-7,0.25000,-0.43301,0.50000,-0.43301,0.25000,5.0182e-7,-0.25000,0.43301,-0.50000,0.43301,-0.25000,-5.9475e-7,0.25000,-0.43301,0.50000,-0.43301,0.25000,1.0573e-6,-0.25000,0.43301,-0.50000,0.43301,-0.25000,-1.2531e-6,0.25000,-0.43301,0.50000,-0.43301,0.25000,7.4260e-7,-0.25000,0.43301,-0.50000,0.43301,-0.25000,-5.8675e-7,0.25000,-0.43301,0.50000,-0.43301,0.25000,1.3908e-6,-0.25000
-0.43301,-0.25000,0.00000,0.25000,0.43301,-1.0000,0.43301,0.25000,0.00000,-0.25000,-0.43301,1.0000,-0.43301,-0.25000,0.00000,0.25000,0.43301,-1.0000,0.43301,0.25000,3.0555e-7,-0.24999,-0.43301,1.0000,-0.43301,-0.24999,0.00000,0.24999,0.43301,-0.99999,0.43301,0.24999,-2.1459e-7,-0.24999,-0.43301,0.99999,-0.43301,-0.24999,5.0867e-7,0.24999,0.43301,-0.99999,0.43301,0.24999,-3.0143e-7,-0.24999,-0.43301,0.99999,-0.43301,-0.24999,3.5725e-7,0.24999,0.43301,-0.99999,0.43301,0.24999,-2.1171e-7,-0.24999,-0.43301,0.99999,-0.43301,-0.24999,5.0182e-7,0.24999,0.43301,-0.99999,0.43301,0.24999,-5.9475e-7,-0.24999,-0.43301,0.99999,-0.43301,-0.24999,1.0573e-6,0.24998,0.43301,-0.99998,0.43301,0.24999,-1.2531e-6,-0.24998,-0.43301,0.99998,-0.43301,-0.24998,7.4260e-7,0.24998,0.43301,-0.99998,0.43301,0.24998,-5.8675e-7,-0.24998,-0.43301,0.99998,-0.43301,-0.24998,1.3908e-6,0.24998
0.00000,-0.50000,0.00000,0.50000,0.00000,-0.50000,0.00000,0.50000,0.00000,-0.50000,0.00000,0.50000,0.00000,-0.50000,0.00000,0.50000,0.00000,-0.50000,0.00000,0.50000,0.00000,-0.50000,0.00000,0.50000,0.00000,-0.50000,0.00000,0.49999,0.00000,-0.49999,0.00000,0.49999,0.00000,-0.49999,0.00000,0.49999,0.00000,-0.49999,0.00000,0.49999,0.00000,-0.49999,0.00000,0.49999,0.00000,-0.49999,0.00000,0.49999,0.00000,-0.49999,0.00000,0.49999,0.00000,-0.49999,0.00000,0.49999,0.00000,-0.49999,0.00000,0.49999,0.00000,-0.49999,0.00000,0.49999,0.00000,-0.49999,0.00000,0.49999,0.00000,-0.49999,0.00000,0.49999,0.00000,-0.49999,0.00000,0.49999,0.00000,-0.49998,0.00000,0.49999,0.00000,-0.49998,0.00000,0.49998,0.00000,-0.49998,0.00000,0.49998,0.00000,-0.49998,0.00000,0.49998,0.00000,-0.49998,0.00000,0.49998,0.00000,-0.49998,0.00000,0.49998
0.00000,-0.50000,0.00000,-0.50000,0.00000,1.0000,0.00000,-0.50000,0.00000,-0.50000,0.00000,1.0000,0.00000,-0.50000,0.00000,-0.50000,0.00000,1.0000,0.00000,-0.50000,0.00000,-0.50000,0.00000,1.0000,0.00000,-0.50000,0.00000,-0.50000,0.00000,1.0000,0.00000,-0.50000,0.00000,-0.50000,0.00000,1.0000,0.00000,-0.50000,0.00000,-0.50000,0.00000,1.0000,0.00000,-0.50000,0.00000,-0.50000,0.00000,1.0000,0.00000,-0.50000,0.00000,-0.50000,0.00000,1.0000,0.00000,-0.50000,0.00000,-0.50000,0.00000,1.0000,0.00000,-0.50000,0.00000,-0.50000,0.00000,1.0000,0.00000,-0.50000,0.00000,-0.50000,0.00000,1.0000,0.00000,-0.50000,0.00000,-0.50000,0.00000,1.0000,0.00000,-0.50000,0.00000,-0.50000,0.00000,1.0000,0.00000,-0.50000,0.00000,-0.50000,0.00000,1.0000,0.00000,-0.50000,0.00000,-0.50000,0.00000,1.0000,0.00000,-0.50000,0.00000,-0.50000
0.00000,0.00000,0.00000,-1.0000,0.00000,0.00000,0.00000,1.0000,0.00000,0.00000,0.00000,-1.0000,0.00000,0.00000,0.00000,1.0000,0.00000,0.00000,0.00000,-1.0000,0.00000,0.00000,0.00000,1.0000,0.00000,0.00000,0.00000,-1.0000,0.00000,0.00000,0.00000,1.0000,0.00000,0.00000,0.00000,-1.0000,0.00000,0.00000,0.00000,1.0000,0.00000,0.00000,0.00000,-1.0000,0.00000,0.00000,0.00000,1.0000,0.00000,0.00000,0.00000,-1.0000,0.00000,0.00000,0.00000,1.0000,0.00000,0.00000,0.00000,-1.0000,0.00000,0.00000,0.00000,1.0000,0.00000,0.00000,0.00000,-1.0000,0.00000,0.00000,0.00000,1.0000,0.00000,0.00000,0.00000,-1.0000,0.00000,0.00000,0.00000,1.0000,0.00000,0.00000,0.00000,-1.0000,0.00000,0.00000,0.00000,1.0000,0.00000,0.00000,0.00000,-1.0000,0.00000,0.00000,0.00000,1.0000,0.00000,0.00000,0.00000,-1.0000
0.00000,0.50000,0.00000,-0.50000,0.00000,-1.0000,0.00000,-0.50000,0.00000,0.50000,0.00000,1.0000,0.00000,0.50000,0.00000,-0.50000,0.00000,-1.0000,0.00000,-0.50000,0.00000,0.50000,0.00000,1.0000,0.00000,0.50000,0.00000,-0.50000,0.00000,-1.0000,0.00000,-0.50000,0.00000,0.50000,0.00000,1.0000,0.00000,0.50000,0.00000,-0.50000,0.00000,-1.0000,0.00000,-0.50000,0.00000,0.50000,0.00000,1.0000,0.00000,0.50000,0.00000,-0.50000,0.00000,-1.0000,0.00000,-0.50000,0.00000,0.50000,0.00000,1.0000,0.00000,0.50000,0.00000,-0.50000,0.00000,-1.0000,0.00000,-0.50000,0.00000,0.50000,0.00000,1.0000,0.00000,0.50000,0.00000,-0.50000,0.00000,-1.0000,0.00000,-0.50000,0.00000,0.50000,0.00000,1.0000,0.00000,0.50000,0.00000,-0.50000,0.00000,-1.0000,0.00000,-0.50000,0.00000,0.50000,0.00000,1.0000,0.00000,0.50000,0.00000,-0.50000
0.00000,0.50000,0.00000,0.50000,0.00000,0.50000,0.00000,0.50000,0.00000,0.50000,0.00000,0.50000,0.00000,0.50000,0.00000,0.50000,0.00000,0.50000,0.00000,0.50000,0.00000,0.50000,0.00000,0.50000,0.00000,0.50000,0.00000,0.49999,0.00000,0.49999,0.00000,0.49999,0.00000,0.49999,0.00000,0.49999,0.00000,0.49999,0.00000,0.49999,0.00000,0.49999,0.00000,0.49999,0.00000,0.49999,0.00000,0.49999,0.00000,0.49999,0.00000,0.49999,0.00000,0.49999,0.00000,0.49999,0.00000,0.49999,0.00000,0.49999,0.00000,0.49999,0.00000,0.49999,0.00000,0.49999,0.00000,0.49999,0.00000,0.49999,0.00000,0.49999,0.00000,0.49999,0.00000,0.49999,0.00000,0.49998,0.00000,0.49999,0.00000,0.49998,0.00000,0.49998,0.00000,0.49998,0.00000,0.49998,0.00000,0.49998,0.00000,0.49998,0.00000,0.49998,0.00000,0.49998,0.00000,0.49998,0.00000,0.49998
0.43301,-0.25000,0.00000,0.25000,-0.43301,-1.0000,-0.43301,0.25000,0.00000,-0.25000,0.43301,1.0000,0.43301,-0.25000,0.00000,0.25000,-0.43301,-1.0000,-0.43301,0.25000,-3.0555e-7,-0.24999,0.43301,1.0000,0.43301,-0.24999,0.00000,0.24999,-0.43301,-0.99999,-0.43301,0.24999,2.1459e-7,-0.24999,0.43301,0.99999,0.43301,-0.24999,-5.0867e-7,0.24999,-0.43301,-0.99999,-0.43301,0.24999,3.0143e-7,-0.24999,0.43301,0.99999,0.43301,-0.24999,-3.5725e-7,0.24999,-0.43301,-0.99999,-0.43301,0.24999,2.1171e-7,-0.24999,0.43301,0.99999,0.43301,-0.24999,-5.0182e-7,0.24999,-0.43301,-0.99999,-0.43301,0.24999,5.9475e-7,-0.24999,0.43301,0.99998,0.43301,-0.24999,-1.0573e-6,0.24998,-0.43301,-0.99998,-0.43301,0.24999,1.2531e-6,-0.24998,0.43301,0.99998,0.43301,-0.24998,-7.4260e-7,0.24998,-0.43301,-0.99998,-0.43301,0.24998,5.8675e-7,-0.24998,0.43301,0.99998,0.43301,-0.24998,-1.3908e-6,0.24998
0.43301,0.25000,0.00000,-0.25000,-0.43301,-0.50000,-0.43301,-0.25000,0.00000,0.25000,0.43301,0.50000,0.43301,0.25000,0.00000,-0.25000,-0.43301,-0.50000,-0.43301,-0.25000,-3.0555e-7,0.25000,0.43301,0.50000,0.43301,0.25000,0.00000,-0.25000,-0.43301,-0.50000,-0.43301,-0.25000,2.1459e-7,0.25000,0.43301,0.50000,0.43301,0.25000,-5.0867e-7,-0.25000,-0.43301,-0.50000,-0.43301,-0.25000,3.0143e-7,0.25000,0.43301,0.50000,0.43301,0.25000,-3.5725e-7,-0.25000,-0.43301,-0.50000,-0.43301,-0.25000,2.1171e-7,0.25000,0.43301,0.50000,0.43301,0.25000,-5.0182e-7,-0.25000,-0.43301,-0.50000,-0.43301,-0.25000,5.9475e-7,0.25000,0.43301,0.50000,0.43301,0.25000,-1.0573e-6,-0.25000,-0.43301,-0.50000,-0.43301,-0.25000,1.2531e-6,0.25000,0.43301,0.50000,0.43301,0.25000,-7.4260e-7,-0.25000,-0.43301,-0.50000,-0.43301,-0.25000,5.8675e-7,0.25000,0.43301,0.50000,0.43301,0.25000,-1.3908e-6,-0.25000
-0.72169,0.083333,0.48112,-0.63889,0.40094,-0.074075,-0.026729,-0.14506,0.33857,-0.24588,-0.19898,0.72565,-0.92760,0.59545,0.095695,-0.70595,0.86380,-0.54148,0.050124,0.23361,-0.17553,-0.030919,0.066896,0.20367,-0.59075,0.72847,-0.39475,-0.27265,0.85392,-0.96337,0.54716,0.081565,-0.49700,0.49232,-0.21582,0.0068867,-0.080804,0.33642,-0.45199,0.18550,0.38213,-0.87675,0.91892,-0.43433,-0.27306,0.74964,-0.73688,0.35124,0.042632,-0.15047,-0.013224,0.16574,-0.033815,-0.37669,0.75745,-0.74794,0.25053,0.45865,-0.92448,0.85884,-0.35590,-0.19788,0.44006,-0.31026,0.062532,-0.011951,0.23994,-0.51511,0.49919,-0.061307,-0.57274,0.97265,-0.83906,0.24621,0.41042,-0.72012,0.56544,-0.18280,-0.065692,0.0086516,0.20004,-0.23964,-0.067668,0.56777,-0.87661,0.69445,-0.069608,-0.61408,0.92302,-0.70174,0.17595,0.24857,-0.31863,0.11936,0.036471,0.088525,-0.42737,0.65496,-0.47324,-0.10850
-0.28868,-0.16667,0.48112,-0.38889,-0.032075,0.42592,-0.45974,0.10494,0.33857,-0.49588,0.23403,0.22565,-0.49459,0.34545,0.095695,-0.45595,0.43079,-0.041484,-0.38289,0.48361,-0.17553,-0.28092,0.49991,-0.29633,-0.15774,0.47847,-0.39475,-0.022653,0.42091,-0.46337,0.11414,0.33156,-0.49700,0.24232,0.21719,-0.49311,0.35221,0.086418,-0.45199,0.43550,-0.050878,-0.37675,0.48591,-0.18433,-0.27306,0.49964,-0.30387,-0.14876,0.47564,-0.40047,-0.013224,0.41574,-0.46683,0.12331,0.32444,-0.49794,0.25053,0.20865,-0.49146,0.35884,0.077110,-0.44788,0.44006,-0.060254,-0.37048,0.48805,-0.19307,-0.26511,0.49919,-0.31131,-0.13973,0.47265,-0.40604,-0.0037913,0.41042,-0.47012,0.13243,0.31720,-0.49870,0.25865,0.20004,-0.48964,0.36535,0.067774,-0.44360,0.44446,-0.069609,-0.36408,0.49001,-0.20174,-0.25706,0.49857,-0.31863,-0.13064,0.46948,-0.41147,0.0056433,0.40496,-0.47325,0.14150
-0.57735,-0.16667,0.38490,-0.055556,-0.064150,-0.40741,0.87672,-0.59877,-0.24234,0.73868,-0.47281,0.034294,-0.12434,0.53749,-0.47466,-0.26345,0.91544,-0.76508,0.10363,0.20524,0.066546,-0.24367,-0.21454,0.86753,-0.86368,0.13111,0.49930,-0.41939,0.031505,-0.098801,0.60289,-0.74928,0.11838,0.68093,-0.80019,0.28106,0.060570,0.18397,-0.45546,0.078991,0.69853,-0.98229,0.44594,0.22482,-0.28707,-0.059080,0.032504,0.54031,-0.92180,0.49189,0.34914,-0.69346,0.33991,-0.0027815,0.23905,-0.63523,0.41638,0.39483,-0.93301,0.64384,-0.016059,-0.13457,-0.19492,0.24711,0.34093,-0.94394,0.78140,-0.0072012,-0.48857,0.28928,0.032880,0.19174,-0.72093,0.72449,0.013971,-0.73256,0.69765,-0.17023,-0.022016,-0.31706,0.49374,0.031997,-0.80089,0.93040,-0.31362,-0.24933,0.16890,0.15182,0.032126,-0.67036,0.93226,-0.36788,-0.43119,0.61683,-0.21361,0.0065015,-0.36750,0.70567,-0.32860,-0.51596
-0.57735,0.00000,-0.19245,0.77778,-0.70565,0.00000,0.27798,0.20988,-0.52033,0.00000,0.62487,-0.45131,-0.10375,0.00000,0.69404,-0.91191,0.35894,0.00000,0.45474,-0.96722,0.66211,0.00000,0.013340,-0.59266,0.67100,0.00000,-0.43400,0.045313,0.38167,0.00000,-0.68845,0.66315,-0.077290,0.00000,-0.63692,0.98625,-0.50190,0.00000,-0.30232,0.87102,-0.70345,0.00000,0.16665,0.36867,-0.59235,0.00000,0.56155,-0.29754,-0.21799,0.00000,0.70688,-0.83151,0.25327,0.00000,0.53804,-0.99592,0.61196,0.00000,0.13007,-0.71770,0.69867,0.00000,-0.33571,-0.12050,0.47486,0.00000,-0.65229,0.53026,0.040002,0.00000,-0.67896,0.94535,-0.41264,0.00000,-0.40387,0.94029,-0.68188,0.00000,0.050720,0.51732,-0.64807,0.00000,0.48277,-0.13557,-0.32623,0.00000,0.70026,-0.72821,0.14061,0.00000,0.60652,-0.99720,0.54496,0.00000,0.24321,-0.82300,0.70710,0.00000,-0.22819,-0.28301
-0.14434,-0.41667,0.38490,0.19444,-0.49716,0.092592,0.44370,-0.34877,-0.24234,0.48868,-0.039796,-0.46571,0.30867,0.28749,-0.47466,-0.013451,0.48242,-0.26508,-0.32938,0.45524,0.066546,-0.49367,0.21847,0.36753,-0.43067,-0.11889,0.49930,-0.16939,-0.40151,0.40120,0.16988,-0.49928,0.11838,0.43093,-0.36718,-0.21894,0.49358,-0.066031,-0.45546,0.32899,0.26552,-0.48229,0.012932,0.47482,-0.28707,-0.30908,0.46552,0.040314,-0.48879,0.24189,0.34914,-0.44346,-0.093102,0.49722,-0.19397,-0.38523,0.41638,0.14483,-0.50000,0.14384,0.41695,-0.38457,-0.19492,0.49711,-0.092082,-0.44394,0.34839,0.24280,-0.48857,0.039279,0.46589,-0.30826,-0.28792,0.47449,0.013970,-0.48256,0.26464,0.32977,-0.45503,-0.067060,0.49374,-0.21800,-0.36788,0.43040,0.11939,-0.49933,0.16890,0.40182,-0.40089,-0.17036,0.49925,-0.11788,-0.43119,0.36683,0.21940,-0.49350,0.065516,0.45567,-0.32860,-0.26595
-0.28868,-0.66667,0.48112,0.11111,-0.032075,-0.074073,-0.45974,0.60494,0.33857,-0.99588,0.23403,0.72565,-0.49459,-0.15455,0.095695,0.044047,0.43079,-0.54148,-0.38289,0.98360,-0.17553,-0.78091,0.49991,0.20367,-0.15774,-0.021526,-0.39475,0.47734,0.42091,-0.96336,0.11414,0.83156,-0.49700,-0.25767,0.21719,0.0068800,0.35221,-0.41357,-0.45199,0.93549,-0.050878,-0.87674,0.48591,0.31566,-0.27306,-0.00035085,-0.30387,0.35123,0.47564,-0.90046,-0.013224,0.91573,-0.46683,-0.37668,0.32444,0.0020468,0.25053,-0.29134,-0.49146,0.85883,0.077110,-0.94787,0.44006,0.43973,-0.37048,-0.011938,-0.19307,0.23488,0.49919,-0.81129,-0.13973,0.97263,-0.40604,-0.50378,0.41042,0.029863,0.13243,-0.18278,-0.49870,0.75864,0.20004,-0.98962,0.36535,0.56776,-0.44360,-0.055528,-0.069609,0.13591,0.49001,-0.70172,-0.25706,0.99855,-0.31863,-0.63062,0.46948,0.088508,0.0056433,-0.095024,-0.47325,0.64148
-0.28868,-0.16667,-0.38490,-0.055556,0.93017,-0.40741,-0.010692,-0.59877,0.24234,0.73868,-0.39322,0.034294,-0.74168,0.53749,0.47466,-0.26345,-0.049410,-0.76508,0.76239,0.20524,-0.066545,-0.24367,-0.65148,0.86753,-0.0023477,0.13111,-0.49930,-0.41939,0.83452,-0.098801,0.26314,-0.74928,-0.11838,0.68093,-0.065835,0.28106,-0.92660,0.18397,0.45546,0.078991,0.16750,-0.98229,0.42008,0.22482,0.28707,-0.059080,-0.89853,0.54031,0.055780,0.49189,-0.34914,-0.69346,0.52612,-0.0027815,0.62698,-0.63523,-0.41638,0.39483,0.066987,0.64384,-0.84996,-0.13457,0.19492,0.24711,0.52509,-0.94394,0.084620,-0.0072012,0.48857,0.28928,-0.89891,0.19174,-0.14509,0.72449,-0.013969,-0.73256,0.16838,-0.17023,0.88804,-0.31706,-0.49375,0.031997,-0.065130,0.93040,-0.55240,-0.24933,-0.16890,0.15182,0.83390,-0.67036,-0.066235,-0.36788,0.43119,0.61683,-0.65242,0.0065015,-0.49853,0.70567,0.32860,-0.51596
-0.28868,0.00000,-0.67358,0.11111,0.60942,0.00000,0.13899,-0.97531,0.42410,0.00000,0.70446,-0.32785,-0.51518,0.00000,0.017556,0.90245,-0.53859,0.00000,-0.70056,0.52839,0.39549,0.00000,-0.17324,-0.78503,0.62648,0.00000,0.66206,-0.70284,-0.25628,0.00000,0.32036,0.62885,-0.68342,0.00000,-0.59087,0.84259,0.10440,0.00000,-0.45167,-0.44160,0.70663,0.00000,0.49050,-0.94072,0.052624,0.00000,0.56067,0.23256,-0.69493,0.00000,-0.36591,0.99240,-0.20705,0.00000,-0.64198,-0.012022,0.64892,0.00000,0.22325,-0.99507,0.35126,0.00000,0.69159,-0.20911,-0.57086,0.00000,-0.069561,0.94860,-0.47812,0.00000,-0.70705,0.41991,0.46462,0.00000,-0.087561,-0.85529,0.58136,0.00000,0.68759,-0.60997,-0.33542,0.00000,0.24036,0.71974,-0.65590,0.00000,-0.63418,0.76991,0.18967,0.00000,-0.38129,-0.54865,0.69805,0.00000,0.54945,-0.89184,-0.034546,0.00000,0.50339,0.35046
-0.28868,0.16667,-0.96225,0.38889,-0.032077,0.85185,-0.45974,-0.10494,-0.67714,0.49588,0.23403,0.45131,-0.49459,-0.34545,-0.19140,0.45595,0.43079,-0.082962,-0.38289,-0.48361,0.35106,0.28092,0.49991,-0.59265,-0.15774,-0.47848,0.78949,0.022656,0.42092,-0.92673,0.11414,-0.33157,0.99401,-0.24232,0.21720,-0.98624,0.35221,-0.086430,0.90400,-0.43550,-0.050869,-0.75352,0.48591,0.18433,0.54614,-0.49964,-0.30387,-0.29754,0.47565,0.40047,0.026467,-0.41574,-0.46683,0.24660,0.32445,0.49795,-0.50105,-0.20866,-0.49148,0.71767,0.077114,0.44790,-0.88011,0.060249,-0.37050,0.97610,-0.19306,0.26513,-0.99840,0.31130,-0.13975,0.94532,-0.40604,0.0038098,-0.82087,0.47012,0.13241,0.63444,-0.49870,-0.25864,-0.40011,0.48964,0.36534,0.13558,-0.44361,-0.44446,0.13919,0.36408,0.49002,-0.40345,-0.25707,-0.49859,0.63726,0.13065,0.46951,-0.82295,0.0056354,-0.40499,0.94650,-0.14149
-0.14434,-0.91667,0.38490,0.69444,-0.49716,-0.40741,0.44370,0.15123,-0.24234,-0.011315,-0.039796,0.034291,0.30867,-0.21250,-0.47466,0.48655,0.48242,-0.76507,-0.32938,0.95524,0.066546,-0.99366,0.21847,0.86753,-0.43067,-0.61888,0.49930,0.33061,-0.40151,-0.098794,0.16988,0.00071810,0.11838,-0.069065,-0.36718,0.28105,0.49358,-0.56602,-0.45546,0.82898,0.26552,-0.98228,0.012932,0.97481,-0.28707,-0.80907,0.46552,0.54031,-0.48879,-0.25810,0.34914,0.056525,-0.093102,-0.0027710,-0.19397,0.11476,0.41638,-0.35516,-0.50000,0.64383,0.41695,-0.88456,-0.19492,0.99710,-0.092082,-0.94393,0.34839,0.74279,-0.48857,-0.46071,0.46589,0.19172,-0.28792,-0.025493,0.013970,0.017426,0.26464,-0.17021,-0.45503,0.43292,0.49374,-0.71799,-0.36788,0.93038,0.11939,-0.99931,0.16890,0.90180,-0.40089,-0.67035,0.49925,0.38210,-0.43119,-0.13316,0.21940,0.0064843,0.065516,-0.044309,-0.32860,0.23403
-0.14434,0.083333,-0.48112,-0.63889,0.46509,-0.074075,0.89275,-0.14506,-0.33857,-0.24588,-0.66704,0.72565,0.061574,0.59545,-0.095695,-0.70595,0.0022226,-0.54148,0.81590,0.23361,0.17553,-0.030919,-0.93292,0.20367,-0.27527,0.72847,0.39475,-0.27265,0.012107,-0.96337,0.31887,0.081565,0.49700,0.49232,-0.65020,0.0068867,-0.78522,0.33642,0.45199,0.18550,0.48389,-0.87675,-0.052901,-0.43433,0.27306,0.74964,-0.12914,0.35124,-0.90866,-0.15047,0.013225,0.16574,0.89984,-0.37669,0.10857,-0.74794,-0.25053,0.45865,0.058451,0.85884,-0.51012,-0.19788,-0.44006,-0.31026,0.80349,-0.011951,0.62608,-0.51511,-0.49919,-0.061307,-0.29329,0.97265,-0.026970,0.24621,-0.41042,-0.72012,0.30058,-0.18280,0.93172,0.0086516,-0.20004,-0.23964,-0.79836,0.56777,0.010592,0.69445,0.069610,-0.61408,-0.056997,-0.70174,0.69007,0.24857,0.31863,0.11936,-0.90250,0.088525,-0.43865,0.65496,0.47325,-0.10850
-0.14434,0.41667,-0.76980,-0.19444,-0.49716,0.18519,0.44370,0.34876,0.48469,-0.48868,-0.039796,-0.93141,0.30867,-0.28749,0.94931,0.013448,0.48242,-0.53015,-0.32938,-0.45524,-0.13309,0.49366,0.21847,0.73505,-0.43067,0.11889,-0.99859,0.16939,-0.40150,0.80239,0.16987,0.49927,-0.23676,-0.43092,-0.36717,-0.43787,0.49358,0.066027,0.91090,-0.32899,0.26551,-0.96456,0.012939,-0.47481,0.57413,0.30907,0.46550,0.080622,-0.48879,-0.24188,-0.69826,0.44347,-0.093103,0.99441,-0.19397,0.38522,-0.83274,-0.14482,-0.49998,0.28768,0.41694,0.38455,0.38983,-0.49710,-0.092073,-0.88786,0.34840,-0.24279,0.97712,-0.039290,0.46587,-0.61652,-0.28791,-0.47447,-0.027932,0.48255,0.26462,0.65952,-0.45503,0.067063,-0.98746,0.21801,-0.36786,0.86078,0.11938,0.49930,-0.33779,-0.40180,-0.40086,-0.34071,0.49924,0.11786,0.86235,-0.36683,0.21940,-0.98696,0.065531,-0.45565,0.65718,0.26594
0.00000,-0.83333,0.00000,0.38889,0.00000,0.18518,0.00000,-0.69753,0.00000,0.97737,0.00000,-0.93141,0.00000,0.57499,0.00000,-0.026902,0.00000,-0.53015,0.00000,0.91049,0.00000,-0.98733,0.00000,0.73506,0.00000,-0.23777,0.00000,-0.33878,0.00000,0.80240,0.00000,-0.99855,0.00000,0.86186,0.00000,-0.43788,0.00000,-0.13206,0.00000,0.65798,0.00000,-0.96457,0.00000,0.94964,0.00000,-0.61816,0.00000,0.080628,0.00000,0.48378,0.00000,-0.88693,0.00000,0.99444,0.00000,-0.77046,0.00000,0.28967,0.00000,0.28768,0.00000,-0.76914,0.00000,0.99421,0.00000,-0.88789,0.00000,0.48560,0.00000,0.078558,0.00000,-0.61653,0.00000,0.94899,0.00000,-0.96512,0.00000,0.65954,0.00000,-0.13412,0.00000,-0.43601,0.00000,0.86080,0.00000,-0.99866,0.00000,0.80363,0.00000,-0.34073,0.00000,-0.23575,0.00000,0.73365,0.00000,-0.98700,0.00000,0.91134,0.00000,-0.53191
0.00000,-0.66667,0.00000,-0.11111,0.00000,0.81481,0.00000,-0.97531,0.00000,0.48560,0.00000,0.32785,0.00000,-0.92272,0.00000,0.90245,0.00000,-0.28055,0.00000,-0.52839,0.00000,0.98507,0.00000,-0.78503,0.00000,0.061642,0.00000,0.70284,0.00000,-0.99877,0.00000,0.62885,0.00000,0.16031,0.00000,-0.84259,0.00000,0.96314,0.00000,-0.44160,0.00000,-0.37434,0.00000,0.94072,0.00000,-0.87996,0.00000,0.23256,0.00000,0.56989,0.00000,-0.99240,0.00000,0.75332,0.00000,-0.012022,0.00000,-0.73729,0.00000,0.99507,0.00000,-0.58947,0.00000,-0.20911,0.00000,0.86828,0.00000,-0.94860,0.00000,0.39652,0.00000,0.41991,0.00000,-0.95640,0.00000,0.85529,0.00000,-0.18399,0.00000,-0.60997,0.00000,0.99728,0.00000,-0.71974,0.00000,-0.037629,0.00000,0.76991,0.00000,-0.98892,0.00000,0.54865,0.00000,0.25739,0.00000,-0.89184,0.00000,0.93173,0.00000,-0.35046
0.00000,-0.33333,0.00000,-0.77778,0.00000,0.85185,0.00000,0.20988,0.00000,-0.99177,0.00000,0.45130,0.00000,0.69090,0.00000,-0.91190,0.00000,-0.082968,0.00000,0.96721,0.00000,-0.56184,0.00000,-0.59265,0.00000,0.95694,0.00000,-0.045307,0.00000,-0.92673,0.00000,0.66313,0.00000,0.48465,0.00000,-0.98623,0.00000,0.17284,0.00000,0.87100,0.00000,-0.75350,0.00000,-0.36867,0.00000,0.99928,0.00000,-0.29752,0.00000,-0.80093,0.00000,0.83148,0.00000,0.24662,0.00000,-0.99588,0.00000,0.41730,0.00000,0.71768,0.00000,-0.89576,0.00000,-0.12051,0.00000,0.97610,0.00000,-0.53022,0.00000,-0.62261,0.00000,0.94530,0.00000,-0.0075826,0.00000,-0.94024,0.00000,0.63441,0.00000,0.51730,0.00000,-0.97928,0.00000,0.13555,0.00000,0.88891,0.00000,-0.72816,0.00000,-0.40347,0.00000,0.99714,0.00000,-0.26128,0.00000,-0.82295,0.00000,0.80992,0.00000,0.28300
0.00000,-0.16667,0.00000,-0.94445,0.00000,0.48148,0.00000,0.78395,0.00000,-0.74280,0.00000,-0.53635,0.00000,0.92159,0.00000,0.22916,0.00000,-0.99797,0.00000,0.10350,0.00000,0.96348,0.00000,-0.42466,0.00000,-0.82193,0.00000,0.69863,0.00000,0.58905,0.00000,-0.89498,0.00000,-0.29072,0.00000,0.99189,0.00000,-0.039908,0.00000,-0.97859,0.00000,0.36610,0.00000,0.85656,0.00000,-0.65163,0.00000,-0.63935,0.00000,0.86474,0.00000,0.35111,0.00000,-0.98178,0.00000,-0.023846,0.00000,0.98973,0.00000,-0.30606,0.00000,-0.88771,0.00000,0.60197,0.00000,0.68706,0.00000,-0.83099,0.00000,-0.41006,0.00000,0.96768,0.00000,0.087504,0.00000,-0.99685,0.00000,0.24478,0.00000,0.91525,0.00000,-0.54986,0.00000,-0.73197,0.00000,0.79385,0.00000,0.46735,0.00000,-0.94964,0.00000,-0.15081,0.00000,0.99991,0.00000,-0.18250,0.00000,-0.93908,0.00000,0.49552
0.00000,0.16667,0.00000,-0.94445,0.00000,-0.48148,0.00000,0.78395,0.00000,0.74280,0.00000,-0.53635,0.00000,-0.92159,0.00000,0.22916,0.00000,0.99797,0.00000,0.10350,0.00000,-0.96348,0.00000,-0.42466,0.00000,0.82193,0.00000,0.69863,0.00000,-0.58905,0.00000,-0.89498,0.00000,0.29072,0.00000,0.99189,0.00000,0.039908,0.00000,-0.97859,0.00000,-0.36610,0.00000,0.85656,0.00000,0.65163,0.00000,-0.63935,0.00000,-0.86474,0.00000,0.35111,0.00000,0.98178,0.00000,-0.023846,0.00000,-0.98973,0.00000,-0.30606,0.00000,0.88771,0.00000,0.60197,0.00000,-0.68706,0.00000,-0.83099,0.00000,0.41006,0.00000,0.96768,0.00000,-0.087504,0.00000,-0.99685,0.00000,-0.24478,0.00000,0.91525,0.00000,0.54986,0.00000,-0.73197,0.00000,-0.79385,0.00000,0.46735,0.00000,0.94964,0.00000,-0.15081,0.00000,-0.99991,0.00000,-0.18250,0.00000,0.93908,0.00000,0.49552
0.00000,0.33333,0.00000,-0.77778,0.00000,-0.85185,0.00000,0.20988,0.00000,0.99177,0.00000,0.45130,0.00000,-0.69090,0.00000,-0.91190,0.00000,0.082968,0.00000,0.96721,0.00000,0.56184,0.00000,-0.59265,0.00000,-0.95694,0.00000,-0.045307,0.00000,0.92673,0.00000,0.66313,0.00000,-0.48465,0.00000,-0.98623,0.00000,-0.17284,0.00000,0.87100,0.00000,0.75350,0.00000,-0.36867,0.00000,-0.99928,0.00000,-0.29752,0.00000,0.80093,0.00000,0.83148,0.00000,-0.24662,0.00000,-0.99588,0.00000,-0.41730,0.00000,0.71768,0.00000,0.89576,0.00000,-0.12051,0.00000,-0.97610,0.00000,-0.53022,0.00000,0.62261,0.00000,0.94530,0.00000,0.0075826,0.00000,-0.94024,0.00000,-0.63441,0.00000,0.51730,0.00000,0.97928,0.00000,0.13555,0.00000,-0.88891,0.00000,-0.72816,0.00000,0.40347,0.00000,0.99714,0.00000,0.26128,0.00000,-0.82295,0.00000,-0.80992,0.00000,0.28300
0.00000,0.66667,0.00000,-0.11111,0.00000,-0.81481,0.00000,-0.97531,0.00000,-0.48560,0.00000,0.32785,0.00000,0.92272,0.00000,0.90245,0.00000,0.28055,0.00000,-0.52839,0.00000,-0.98507,0.00000,-0.78503,0.00000,-0.061642,0.00000,0.70284,0.00000,0.99877,0.00000,0.62885,0.00000,-0.16031,0.00000,-0.84259,0.00000,-0.96314,0.00000,-0.44160,0.00000,0.37434,0.00000,0.94072,0.00000,0.87996,0.00000,0.23256,0.00000,-0.56989,0.00000,-0.99240,0.00000,-0.75332,0.00000,-0.012022,0.00000,0.73729,0.00000,0.99507,0.00000,0.58947,0.00000,-0.20911,0.00000,-0.86828,0.00000,-0.94860,0.00000,-0.39652,0.00000,0.41991,0.00000,0.95640,0.00000,0.85529,0.00000,0.18399,0.00000,-0.60997,0.00000,-0.99728,0.00000,-0.71974,0.00000,0.037629,0.00000,0.76991,0.00000,0.98892,0.00000,0.54865,0.00000,-0.25739,0.00000,-0.89184,0.00000,-0.93173,0.00000,-0.35046
0.00000,0.83333,0.00000,0.38889,0.00000,-0.18518,0.00000,-0.69753,0.00000,-0.97737,0.00000,-0.93141,0.00000,-0.57499,0.00000,-0.026902,0.00000,0.53015,0.00000,0.91049,0.00000,0.98733,0.00000,0.73506,0.00000,0.23777,0.00000,-0.33878,0.00000,-0.80240,0.00000,-0.99855,0.00000,-0.86186,0.00000,-0.43788,0.00000,0.13206,0.00000,0.65798,0.00000,0.96457,0.00000,0.94964,0.00000,0.61816,0.00000,0.080628,0.00000,-0.48378,0.00000,-0.88693,0.00000,-0.99444,0.00000,-0.77046,0.00000,-0.28967,0.00000,0.28768,0.00000,0.76914,0.00000,0.99421,0.00000,0.88789,0.00000,0.48560,0.00000,-0.078558,0.00000,-0.61653,0.00000,-0.94899,0.00000,-0.96512,0.00000,-0.65954,0.00000,-0.13412,0.00000,0.43601,0.00000,0.86080,0.00000,0.99866,0.00000,0.80363,0.00000,0.34073,0.00000,-0.23575,0.00000,-0.73365,0.00000,-0.98700,0.00000,-0.91134,0.00000,-0.53191
0.14434,-0.91667,-0.38490,0.69444,0.49716,-0.40741,-0.44370,0.15123,0.24234,-0.011315,0.039796,0.034291,-0.30867,-0.21250,0.47466,0.48655,-0.48242,-0.76507,0.32938,0.95524,-0.066546,-0.99366,-0.21847,0.86753,0.43067,-0.61888,-0.49930,0.33061,0.40151,-0.098794,-0.16988,0.00071810,-0.11838,-0.069065,0.36718,0.28105,-0.49358,-0.56602,0.45546,0.82898,-0.26552,-0.98228,-0.012932,0.97481,0.28707,-0.80907,-0.46552,0.54031,0.48879,-0.25810,-0.34914,0.056525,0.093102,-0.0027710,0.19397,0.11476,-0.41638,-0.35516,0.50000,0.64383,-0.41695,-0.88456,0.19492,0.99709,0.092082,-0.94393,-0.34839,0.74279,0.48857,-0.46071,-0.46589,0.19172,0.28792,-0.025493,-0.013970,0.017426,-0.26464,-0.17021,0.45503,0.43293,-0.49374,-0.71799,0.36788,0.93039,-0.11939,-0.99931,-0.16890,0.90180,0.40089,-0.67035,-0.49925,0.38210,0.43119,-0.13316,-0.21940,0.0064843,-0.065516,-0.044309,0.32860,0.23403
0.14434,0.083334,0.48112,-0.63889,-0.46509,-0.074075,-0.89275,-0.14506,0.33857,-0.24588,0.66704,0.72565,-0.061574,0.59545,0.095695,-0.70595,-0.0022226,-0.54148,-0.81590,0.23361,-0.17553,-0.030919,0.93292,0.20367,0.27527,0.72847,-0.39475,-0.27265,-0.012107,-0.96337,-0.31887,0.081565,-0.49700,0.49232,0.65020,0.0068867,0.78522,0.33642,-0.45199,0.18550,-0.48389,-0.87675,0.052901,-0.43433,-0.27306,0.74964,0.12914,0.35124,0.90866,-0.15047,-0.013225,0.16574,-0.89984,-0.37669,-0.10857,-0.74794,0.25053,0.45865,-0.058451,0.85884,0.51012,-0.19788,0.44006,-0.31026,-0.80349,-0.011951,-0.62608,-0.51511,0.49919,-0.061307,0.29329,0.97265,0.026970,0.24621,0.41042,-0.72012,-0.30058,-0.18280,-0.93172,0.0086516,0.20004,-0.23964,0.79836,0.56777,-0.010592,0.69445,-0.069610,-0.61408,0.056997,-0.70174,-0.69008,0.24857,-0.31863,0.11936,0.90250,0.088525,0.43866,0.65496,-0.47325,-0.10850
0.14434,0.41667,0.76980,-0.19444,0.49716,0.18518,-0.44370,0.34876,-0.48469,-0.48868,0.039796,-0.93141,-0.30867,-0.28749,-0.94931,0.013448,-0.48242,-0.53015,0.32938,-0.45524,0.13309,0.49366,-0.21847,0.73505,0.43067,0.11889,0.99860,0.16939,0.40150,0.80239,-0.16987,0.49927,0.23676,-0.43092,0.36717,-0.43787,-0.49358,0.066027,-0.91090,-0.32899,-0.26551,-0.96456,-0.012939,-0.47481,-0.57413,0.30907,-0.46550,0.080622,0.48879,-0.24188,0.69826,0.44347,0.093103,0.99441,0.19397,0.38522,0.83274,-0.14482,0.49998,0.28768,-0.41694,0.38455,-0.38983,-0.49710,0.092073,-0.88786,-0.34840,-0.24279,-0.97712,-0.039290,-0.46587,-0.61652,0.28791,-0.47447,0.027932,0.48255,-0.26462,0.65952,0.45503,0.067063,0.98746,0.21801,0.36786,0.86078,-0.11938,0.49930,0.33779,-0.40180,0.40086,-0.34071,-0.49924,0.11786,-0.86235,-0.36683,-0.21940,-0.98696,-0.065531,-0.45565,-0.65718,0.26594
0.14434,-0.41667,-0.38490,0.19444,0.49716,0.092592,-0.44370,-0.34877,0.24234,0.48868,0.039796,-0.46571,-0.30867,0.28749,0.47466,-0.013451,-0.48242,-0.26508,0.32938,0.45524,-0.066546,-0.49367,-0.21847,0.36753,0.43067,-0.11889,-0.49930,-0.16939,0.40151,0.40120,-0.16988,-0.49928,-0.11838,0.43093,0.36718,-0.21894,-0.49358,-0.066031,0.45546,0.32899,-0.26552,-0.48229,-0.012932,0.47482,0.28707,-0.30908,-0.46552,0.040314,0.48879,0.24189,-0.34914,-0.44346,0.093102,0.49722,0.19397,-0.38523,-0.41638,0.14483,0.50000,0.14384,-0.41695,-0.38457,0.19492,0.49711,0.092082,-0.44394,-0.34839,0.24280,0.48857,0.039279,-0.46589,-0.30826,0.28792,0.47449,-0.013970,-0.48256,-0.26464,0.32977,0.45503,-0.067060,-0.49374,-0.21800,0.36788,0.43040,-0.11939,-0.49933,-0.16890,0.40182,0.40089,-0.17036,-0.49925,-0.11788,0.43119,0.36683,-0.21940,-0.49350,-0.065516,0.45567,0.32860,-0.26595
0.28868,-0.66667,-0.48112,0.11111,0.032075,-0.074073,0.45974,0.60494,-0.33857,-0.99588,-0.23403,0.72565,0.49459,-0.15455,-0.095695,0.044047,-0.43079,-0.54148,0.38289,0.98360,0.17553,-0.78091,-0.49991,0.20367,0.15774,-0.021526,0.39475,0.47734,-0.42091,-0.96336,-0.11414,0.83156,0.49700,-0.25767,-0.21719,0.0068800,-0.35221,-0.41357,0.45199,0.93549,0.050878,-0.87674,-0.48591,0.31566,0.27306,-0.00035085,0.30387,0.35123,-0.47564,-0.90046,0.013224,0.91573,0.46683,-0.37668,-0.32444,0.0020468,-0.25053,-0.29134,0.49146,0.85883,-0.077110,-0.94787,-0.44006,0.43973,0.37048,-0.011938,0.19307,0.23488,-0.49919,-0.81129,0.13973,0.97264,0.40604,-0.50378,-0.41042,0.029863,-0.13243,-0.18278,0.49870,0.75864,-0.20004,-0.98962,-0.36535,0.56776,0.44360,-0.055528,0.069609,0.13591,-0.49001,-0.70172,0.25706,0.99855,0.31863,-0.63062,-0.46948,0.088508,-0.0056433,-0.095024,0.47325,0.64148
0.28868,-0.16667,0.38490,-0.055556,-0.93017,-0.40741,0.010692,-0.59877,-0.24234,0.73868,0.39322,0.034294,0.74168,0.53749,-0.47466,-0.26345,0.049410,-0.76508,-0.76239,0.20524,0.066545,-0.24367,0.65148,0.86753,0.0023477,0.13112,0.49930,-0.41939,-0.83452,-0.098801,-0.26314,-0.74928,0.11838,0.68093,0.065835,0.28106,0.92660,0.18397,-0.45546,0.078991,-0.16750,-0.98229,-0.42008,0.22482,-0.28707,-0.059080,0.89853,0.54031,-0.055780,0.49189,0.34914,-0.69346,-0.52612,-0.0027815,-0.62698,-0.63523,0.41638,0.39483,-0.066987,0.64384,0.84996,-0.13457,-0.19492,0.24711,-0.52509,-0.94394,-0.084620,-0.0072012,-0.48857,0.28928,0.89891,0.19174,0.14509,0.72449,0.013969,-0.73256,-0.16838,-0.17023,-0.88804,-0.31706,0.49375,0.031997,0.065130,0.93040,0.55240,-0.24933,0.16890,0.15182,-0.83390,-0.67036,0.066235,-0.36788,-0.43119,0.61683,0.65242,0.0065015,0.49853,0.70567,-0.32860,-0.51596
0.28868,0.00000,0.67358,0.11111,-0.60943,0.00000,-0.13899,-0.97531,-0.42410,0.00000,-0.70446,-0.32785,0.51518,0.00000,-0.017556,0.90245,0.53859,0.00000,0.70056,0.52839,-0.39550,0.00000,0.17324,-0.78503,-0.62647,0.00000,-0.66206,-0.70284,0.25628,0.00000,-0.32036,0.62885,0.68343,0.00000,0.59087,0.84259,-0.10440,0.00000,0.45167,-0.44160,-0.70663,0.00000,-0.49050,-0.94072,-0.052624,0.00000,-0.56067,0.23256,0.69493,0.00000,0.36591,0.99240,0.20705,0.00000,0.64198,-0.012022,-0.64892,0.00000,-0.22325,-0.99507,-0.35126,0.00000,-0.69159,-0.20911,0.57086,0.00000,0.069561,0.94860,0.47812,0.00000,0.70705,0.41991,-0.46462,0.00000,0.087561,-0.85529,-0.58136,0.00000,-0.68759,-0.60997,0.33542,0.00000,-0.24036,0.71974,0.65590,0.00000,0.63418,0.76991,-0.18967,0.00000,0.38129,-0.54865,-0.69805,0.00000,-0.54945,-0.89184,0.034546,0.00000,-0.50339,0.35046
0.28868,0.16667,0.96225,0.38889,0.032077,0.85185,0.45974,-0.10494,0.67714,0.49588,-0.23403,0.45131,0.49459,-0.34545,0.19140,0.45595,-0.43079,-0.082962,0.38289,-0.48361,-0.35106,0.28092,-0.49991,-0.59265,0.15774,-0.47848,-0.78949,0.022656,-0.42092,-0.92673,-0.11414,-0.33157,-0.99401,-0.24232,-0.21720,-0.98623,-0.35221,-0.086430,-0.90400,-0.43550,0.050869,-0.75352,-0.48591,0.18433,-0.54615,-0.49964,0.30387,-0.29754,-0.47565,0.40047,-0.026467,-0.41574,0.46683,0.24660,-0.32445,0.49795,0.50105,-0.20866,0.49148,0.71768,-0.077114,0.44790,0.88011,0.060249,0.37050,0.97610,0.19306,0.26513,0.99840,0.31130,0.13975,0.94532,0.40604,0.0038098,0.82087,0.47012,-0.13241,0.63444,0.49870,-0.25864,0.40011,0.48964,-0.36534,0.13558,0.44361,-0.44446,-0.13919,0.36408,-0.49002,-0.40345,0.25707,-0.49859,-0.63726,0.13065,-0.46951,-0.82295,-0.0056354,-0.40499,-0.94650,-0.14149
0.28868,-0.16667,-0.48112,-0.38889,0.032075,0.42592,0.45974,0.10494,-0.33857,-0.49588,-0.23403,0.22565,0.49459,0.34545,-0.095695,-0.45595,-0.43079,-0.041484,0.38289,0.48361,0.17553,-0.28092,-0.49991,-0.29633,0.15774,0.47847,0.39475,-0.022653,-0.42091,-0.46337,-0.11414,0.33156,0.49700,0.24232,-0.21719,-0.49311,-0.35221,0.086418,0.45199,0.43550,0.050878,-0.37675,-0.48591,-0.18433,0.27306,0.49964,0.30387,-0.14876,-0.47564,-0.40047,0.013224,0.41574,0.46683,0.12331,-0.32444,-0.49794,-0.25053,0.20865,0.49146,0.35884,-0.077110,-0.44788,-0.44006,-0.060254,0.37048,0.48805,0.19307,-0.26511,-0.49919,-0.31131,0.13973,0.47265,0.40604,-0.0037913,-0.41042,-0.47012,-0.13243,0.31720,0.49870,0.25865,-0.20004,-0.48964,-0.36535,0.067774,0.44360,0.44446,0.069609,-0.36408,-0.49001,-0.20174,0.25706,0.49857,0.31863,-0.13064,-0.46948,-0.41147,-0.0056433,0.40496,0.47325,0.14150
0.57735,-0.16667,-0.38490,-0.055556,0.064150,-0.40741,-0.87672,-0.59877,0.24234,0.73868,0.47281,0.034294,0.12434,0.53749,0.47466,-0.26345,-0.91544,-0.76508,-0.10363,0.20524,-0.066546,-0.24367,0.21454,0.86753,0.86368,0.13112,-0.49930,-0.41939,-0.031505,-0.098801,-0.60289,-0.74928,-0.11838,0.68093,0.80019,0.28106,-0.060570,0.18397,0.45546,0.078991,-0.69853,-0.98229,-0.44594,0.22482,0.28707,-0.059080,-0.032504,0.54031,0.92180,0.49189,-0.34914,-0.69346,-0.33991,-0.0027815,-0.23905,-0.63523,-0.41638,0.39483,0.93301,0.64384,0.016059,-0.13457,0.19492,0.24711,-0.34093,-0.94394,-0.78141,-0.0072012,0.48857,0.28928,-0.032880,0.19174,0.72093,0.72449,-0.013971,-0.73256,-0.69765,-0.17023,0.022016,-0.31706,-0.49374,0.031997,0.80089,0.93040,0.31362,-0.24933,-0.16890,0.15182,-0.032126,-0.67036,-0.93226,-0.36788,0.43119,0.61683,0.21361,0.0065015,0.36750,0.70567,0.32860,-0.51596
0.57735,0.00000,0.19245,0.77778,0.70565,0.00000,-0.27798,0.20988,0.52033,0.00000,-0.62487,-0.45131,0.10375,0.00000,-0.69404,-0.91191,-0.35894,0.00000,-0.45474,-0.96722,-0.66211,0.00000,-0.013340,-0.59266,-0.67100,0.00000,0.43400,0.045313,-0.38167,0.00000,0.68845,0.66315,0.077290,0.00000,0.63692,0.98625,0.50191,0.00000,0.30232,0.87102,0.70345,0.00000,-0.16665,0.36867,0.59235,0.00000,-0.56155,-0.29754,0.21799,0.00000,-0.70688,-0.83151,-0.25327,0.00000,-0.53804,-0.99592,-0.61196,0.00000,-0.13007,-0.71770,-0.69867,0.00000,0.33571,-0.12050,-0.47486,0.00000,0.65229,0.53026,-0.040002,0.00000,0.67896,0.94535,0.41264,0.00000,0.40387,0.94029,0.68188,0.00000,-0.050720,0.51732,0.64807,0.00000,-0.48277,-0.13557,0.32623,0.00000,-0.70026,-0.72821,-0.14061,0.00000,-0.60652,-0.99720,-0.54496,0.00000,-0.24321,-0.82300,-0.70710,0.00000,0.22819,-0.28301
0.72169,0.083334,-0.48112,-0.63889,-0.40094,-0.074075,0.026729,-0.14506,-0.33857,-0.24588,0.19898,0.72565,0.92760,0.59545,-0.095695,-0.70595,-0.86380,-0.54148,-0.050124,0.23361,0.17553,-0.030919,-0.066896,0.20367,0.59075,0.72847,0.39475,-0.27265,-0.85392,-0.96337,-0.54716,0.081565,0.49700,0.49232,0.21582,0.0068867,0.080804,0.33642,0.45199,0.18550,-0.38213,-0.87675,-0.91892,-0.43433,0.27306,0.74964,0.73688,0.35124,-0.042632,-0.15047,0.013224,0.16574,0.033815,-0.37669,-0.75746,-0.74794,-0.25053,0.45865,0.92447,0.85884,0.35590,-0.19788,-0.44006,-0.31026,-0.062532,-0.011951,-0.23994,-0.51511,-0.49919,-0.061307,0.57274,0.97265,0.83906,0.24621,-0.41042,-0.72012,-0.56544,-0.18280,0.065692,0.0086516,-0.20004,-0.23964,0.067668,0.56777,0.87661,0.69445,0.069608,-0.61408,-0.92302,-0.70174,-0.17595,0.24857,0.31863,0.11936,-0.036471,0.088525,0.42737,0.65496,0.47324,-0.10850
-0.43301,-0.58333,0.86602,-0.19444,-0.52924,0.51852,-0.016037,-0.24383,0.096224,-0.0072006,0.19423,-0.24006,-0.18591,0.63294,-0.37896,-0.46940,0.91321,-0.30656,-0.71227,0.93885,-0.10899,-0.77458,0.71838,0.071205,-0.58841,0.35958,0.10456,-0.19204,0.019398,-0.062167,0.28402,-0.16771,-0.37862,0.67325,-0.14999,-0.71205,0.84579,0.020386,-0.90745,0.76449,0.21464,-0.85904,0.49884,0.29049,-0.56013,0.19056,0.16165,-0.10845,-0.013148,-0.15858,0.33591,-0.027727,-0.55993,0.62053,0.13048,-0.88317,0.66691,0.35349,-0.99146,0.50268,0.49406,-0.83245,0.24513,0.43685,-0.46256,0.044106,0.15532,-0.022313,0.010621,-0.27203,0.32617,0.16439,-0.69396,0.47070,0.42439,-0.95268,0.39706,0.64698,-0.95373,0.19159,0.69379,-0.70764,-0.0025375,0.49818,-0.32421,-0.054875,0.099290,0.037739,0.089123,-0.37210,0.24218,0.38069,-0.74982,0.23618,0.68889,-0.90497,0.071160,0.86063,-0.80185,-0.12445
-0.43301,-0.41667,0.43301,-0.027779,0.19245,-0.60185,0.20849,0.73765,-0.91414,0.10288,0.46865,-0.20611,-0.00059089,-0.43267,0.63912,0.10970,-0.93129,0.68276,0.16131,-0.36916,0.011729,-0.12110,0.66047,-0.51257,-0.45530,0.96171,-0.37606,-0.29148,0.17189,0.072042,0.35507,-0.78932,0.24200,0.73557,-0.82662,0.085596,0.26449,0.038351,-0.0052017,-0.62418,0.76234,0.10668,-0.87724,0.57429,0.10509,-0.10928,-0.17339,-0.20101,0.83691,-0.57096,-0.44231,0.84979,-0.28779,-0.14730,-0.10292,0.17064,0.48750,-0.91699,0.25812,0.67754,-0.67505,0.058199,0.042653,0.28200,-0.013721,-0.76632,0.82822,0.095316,-0.75658,0.41984,0.044873,0.15779,-0.34859,-0.26195,0.94892,-0.58637,-0.39622,0.67285,-0.17419,0.0043700,-0.37032,0.26007,0.58024,-0.97479,0.25436,0.56887,-0.47068,0.022100,-0.17970,0.50605,-0.024813,-0.84867,0.83103,0.077778,-0.57902,0.23070,-0.014283,0.41155,-0.50006,-0.30011
-0.43301,-0.083333,-0.43301,0.63889,0.19245,-0.56482,-0.016036,-0.0030883,0.81791,-0.81893,0.076624,-0.18141,0.78702,-0.37460,-0.42529,0.17921,0.26023,0.36183,-0.94551,0.40470,-0.012035,0.62219,-0.81306,-0.012582,0.31126,0.26792,-0.14797,-0.71679,0.71281,-0.051610,0.29086,-0.93559,0.51232,0.21979,0.095082,-0.48278,-0.21529,0.79304,-0.27366,0.0079241,-0.71593,0.90776,-0.11914,-0.074473,-0.52879,0.33863,0.54294,-0.51441,-0.071644,-0.29759,0.98289,-0.56793,-0.067382,-0.34157,0.70471,0.033331,-0.57325,0.058322,0.091958,0.70308,-0.89881,0.16738,-0.10163,0.75076,-0.52207,-0.33836,0.25746,0.27150,0.20878,-0.92169,0.52073,0.0010979,0.51785,-0.87901,0.13678,0.33007,0.20497,-0.26305,-0.59450,0.78301,-0.11475,0.18648,-0.89346,0.65246,0.15076,0.012475,-0.50951,-0.051881,0.76668,-0.37143,-0.035087,-0.59622,0.96782,-0.25041,-0.11154,-0.46955,0.46509,0.42063,-0.57888,-0.034413
-0.28868,-0.50000,0.19245,-0.055558,0.60943,-0.33333,-0.75911,0.78395,0.13542,-0.25308,-0.079590,-0.42662,0.78208,0.15295,-0.90787,0.31696,0.18844,0.14952,0.055166,-0.84744,0.52552,0.59237,-0.63649,-0.011695,-0.13520,0.31820,0.50791,-0.94901,0.017075,0.65727,-0.19951,0.064208,-0.51765,0.063823,0.91442,-0.62874,-0.35408,0.33704,0.012531,0.46139,-0.58875,-0.44066,0.94479,-0.13807,-0.31763,-0.053397,-0.19431,0.81821,-0.24165,-0.80689,0.58398,0.13131,0.048439,-0.14221,-0.65212,0.80279,0.27566,-0.76107,0.14451,-0.019517,0.38482,0.18237,-0.97393,0.39581,0.57077,-0.37653,0.00038183,-0.42778,0.35733,0.67644,-0.88306,-0.092560,0.44023,-0.010842,0.26874,-0.70802,-0.058060,0.94761,-0.44862,-0.28625,0.042101,-0.0011065,0.71027,-0.58067,-0.55411,0.78856,-0.026818,-0.062813,-0.23922,-0.37668,0.93300,-0.11050,-0.75324,0.35327,0.042064,0.34291,-0.12075,-0.83393,0.72616,0.34790
-0.28868,-0.33333,-0.096225,-0.11111,0.93017,-0.48148,-0.45974,0.20987,-0.0035639,0.73662,-0.62843,-0.46227,0.52468,-0.00045725,0.46318,-0.67779,-0.35907,0.78397,-0.10702,0.17069,-0.60059,-0.19449,0.93527,-0.29784,-0.077953,-0.39834,-0.027455,0.95067,-0.52322,-0.23336,-0.10320,0.083800,0.83352,-0.72167,-0.27160,0.22959,0.096830,0.61736,-0.83548,-0.19982,0.53500,-0.0039792,0.35747,-0.82541,-0.053925,0.75403,-0.20314,0.11688,-0.68085,0.11089,0.84795,-0.45767,-0.049314,-0.42285,0.23453,0.80759,-0.70766,-0.10762,-0.099243,0.26763,0.65521,-0.89121,-0.054334,0.22680,0.18442,0.43859,-0.95989,0.083846,0.49218,-0.010318,0.21875,-0.89100,0.25690,0.64907,-0.28194,0.054476,-0.69337,0.40449,0.67647,-0.57428,-0.012531,-0.40544,0.47151,0.58487,-0.82334,0.031869,-0.085871,0.42251,0.41317,-0.97314,0.17080,0.20071,0.25103,0.21844,-0.98950,0.36075,0.39951,-0.018180,0.061259,-0.86855
-0.14434,-0.75000,0.24056,0.19444,0.064149,0.25000,-0.60408,-0.29939,0.97116,0.037039,-0.86305,0.17524,0.34470,-0.029839,0.20460,-0.44265,-0.41291,0.88786,0.22655,-0.92951,0.059387,0.49625,-0.075380,0.11167,-0.28473,-0.47445,0.75938,0.40504,-0.94084,-0.095855,0.63017,-0.065918,-0.016046,-0.14884,-0.47943,0.60006,0.55459,-0.89464,-0.27481,0.72948,-0.0012249,-0.16179,-0.050905,-0.42973,0.42758,0.66053,-0.79499,-0.45904,0.78106,0.11257,-0.30675,-0.0024190,-0.33341,0.26106,0.71310,-0.65189,-0.62945,0.77714,0.26367,-0.43215,-0.0091758,-0.20382,0.11880,0.70856,-0.48023,-0.76843,0.71616,0.43595,-0.52141,-0.070593,-0.058085,0.016271,0.64958,-0.29803,-0.86187,0.60301,0.61080,-0.56203,-0.17978,0.084859,-0.035671,0.54499,-0.12441,-0.90075,0.44842,0.76919,-0.54700,-0.32432,0.20641,-0.032016,0.40872,0.022536,-0.88214,0.26778,0.89389,-0.47563,-0.48768,0.29040,0.025849,0.25826
-0.14434,-0.58333,0.096224,-0.19444,0.46509,0.51852,-0.90345,-0.24383,0.58091,-0.0072006,0.27383,-0.24006,-0.80326,0.63294,0.57035,-0.46940,-0.051633,-0.30656,-0.053506,0.93885,-0.24208,-0.77458,0.28144,0.071205,0.27292,0.35958,-0.89405,-0.19204,0.82241,-0.062167,-0.055732,-0.16771,-0.61538,0.67325,0.58437,-0.71205,-0.14137,0.020386,0.0034635,0.76449,-0.31639,-0.85904,0.47298,0.29049,0.014006,0.19056,-0.76939,-0.10845,0.96443,-0.15858,-0.36236,-0.027727,-0.37373,0.62053,0.51841,-0.88317,-0.16585,0.35349,0.0085360,0.50268,-0.33984,-0.83245,0.63498,0.43685,-0.27840,0.044106,-0.54146,-0.022313,0.98777,-0.27203,-0.60562,0.16439,-0.11812,0.47070,0.39645,-0.95268,-0.13221,0.64698,-0.043676,0.19159,-0.29370,-0.70764,0.73323,0.49818,-0.56299,-0.054875,-0.23851,0.037739,0.89090,-0.37210,-0.75631,0.38069,0.11256,0.23618,0.25008,-0.90497,-0.059873,0.86063,-0.14465,-0.12445
-0.14434,-0.41667,-0.048113,-0.47222,0.70565,0.50926,-0.67892,-0.052468,-0.29046,0.10288,0.94027,-0.42558,-0.46350,0.047436,-0.25845,0.79496,0.23559,-0.82920,0.042628,-0.12639,0.27350,0.77307,-0.68949,-0.40651,0.20436,-0.086473,0.76976,-0.069419,-0.88410,0.22191,0.026307,0.34276,0.53178,-0.88688,-0.24394,0.37794,0.0059949,0.64632,-0.35341,-0.82368,0.44981,0.12170,0.30889,0.26394,-0.98135,0.0026060,0.51857,0.00063766,0.46091,-0.56874,-0.65148,0.67813,0.12741,0.19318,0.021011,-0.95700,0.29257,0.58278,-0.097520,0.26161,-0.68256,-0.39401,0.85652,0.031962,0.035071,-0.15271,-0.82187,0.57501,0.54299,-0.26128,0.097757,-0.68366,-0.095181,0.94346,-0.15257,-0.11676,-0.22955,-0.60608,0.79945,0.39381,-0.44734,0.0089909,-0.58466,0.19303,0.91536,-0.39295,-0.21528,-0.20427,-0.35528,0.92663,0.15350,-0.60586,0.016581,-0.41897,0.42160,0.77184,-0.64192,-0.22568,-0.095014,-0.12069
-0.14434,-0.25000,-0.19245,-0.63889,0.78584,0.33333,-0.15503,0.052470,-0.90522,0.24383,0.58744,-0.031551,0.39104,-0.78772,-0.37512,0.54751,-0.0022701,0.64060,-0.30932,-0.79467,0.29744,-0.10396,0.62986,0.32861,-0.84704,0.010284,-0.26082,0.30416,0.83937,-0.54709,-0.15851,-0.33253,-0.22585,0.99068,-0.070911,-0.15658,-0.20844,-0.72501,0.71886,0.34523,-0.051533,0.10957,-0.94708,0.15828,0.52827,0.026709,0.48809,-0.76288,-0.42864,0.44755,-0.020280,0.72370,-0.23406,-0.78317,0.21066,-0.18807,0.65437,0.40912,-0.77453,-0.015299,-0.36539,0.25921,0.87730,-0.45306,-0.10756,-0.40158,-0.31216,0.96310,-0.0085305,-0.055332,-0.20625,-0.80221,0.64113,0.33905,0.046229,0.17932,-0.97123,0.075452,0.45417,0.068908,0.58511,-0.72142,-0.46751,0.34414,-0.055617,0.79402,-0.15253,-0.75331,0.13380,-0.28100,0.66049,0.48205,-0.69020,-0.023211,-0.46526,0.20053,0.89800,-0.36032,-0.041151,-0.45502
-0.14434,-0.083334,-0.33679,-0.69444,0.70565,0.10185,0.44370,-0.0030874,-0.91057,0.16872,-0.23581,0.60871,0.54033,-0.54744,0.020322,-0.74992,0.20193,0.66910,-0.040965,0.43396,-0.82512,-0.31371,0.24658,0.0046360,0.92138,-0.36215,-0.34729,-0.21536,-0.47218,0.90707,0.10534,0.12481,-0.15869,-0.91786,0.40543,0.038691,0.53113,0.36424,-0.81511,0.0038478,-0.47195,0.37756,0.75222,-0.29152,0.17153,-0.81371,-0.17129,0.56262,0.030541,0.70744,-0.57215,-0.48573,0.032173,-0.23377,0.97683,-0.018896,-0.21191,-0.20156,-0.77891,0.65814,0.20795,0.31183,0.14959,-0.96850,0.12132,-0.14541,0.45309,0.68534,-0.58408,-0.0074163,-0.64979,0.029512,0.78792,-0.082164,0.41755,-0.69810,-0.47661,0.34896,-0.057106,0.88993,-0.21962,-0.48584,-0.10299,-0.54172,0.84721,0.23673,-0.0033312,-0.024407,-0.96869,0.33260,0.14829,0.38720,0.50368,-0.83808,-0.055872,-0.36638,0.21034,0.87103,-0.30560,0.13103
-0.14434,0.25000,-0.62546,-0.47222,0.064151,-0.083331,0.96760,-0.15123,0.39381,-0.75309,-0.31422,-0.14575,0.020397,0.87414,-0.099523,0.48281,-0.83701,-0.17250,-0.35864,0.15000,0.73046,0.0078318,0.51100,-0.86414,-0.065732,-0.55295,0.28525,0.55309,0.16074,0.47982,-0.82802,-0.0078947,-0.70922,0.40507,0.36231,0.34321,0.39796,-0.72961,-0.0065618,-0.81239,0.49013,0.17963,0.53526,0.28026,-0.57722,-0.061986,-0.85369,0.52522,0.025218,0.71538,0.14584,-0.38552,-0.16705,-0.83163,0.50120,-0.084614,0.86312,0.015738,-0.17373,-0.30816,-0.75220,0.41613,-0.13934,0.96160,-0.089676,0.036624,-0.46688,-0.62806,0.27552,-0.13549,0.99956,-0.15327,0.22438,-0.62224,-0.47702,0.091716,-0.077091,0.97273,-0.16323,0.37128,-0.75328,-0.31982,-0.11757,0.024905,0.88436,-0.11458,0.46413,-0.84166,-0.17757,-0.33142,0.15395,0.74482,-0.0097911,0.49646,-0.87387,-0.069155,-0.52820,0.28998,0.57031,0.14150
0.14434,-0.75000,-0.24056,0.19444,-0.064149,0.25000,0.60408,-0.29939,-0.97116,0.037039,0.86305,0.17524,-0.34470,-0.029839,-0.20460,-0.44265,0.41291,0.88786,-0.22655,-0.92951,-0.059387,0.49625,0.075380,0.11167,0.28473,-0.47445,-0.75938,0.40504,0.94084,-0.095855,-0.63017,-0.065918,0.016046,-0.14884,0.47943,0.60006,-0.55459,-0.89464,0.27481,0.72948,0.0012249,-0.16179,0.050905,-0.42973,-0.42758,0.66053,0.79499,-0.45904,-0.78106,0.11257,0.30675,-0.0024190,0.33341,0.26106,-0.71310,-0.65189,0.62945,0.77713,-0.26367,-0.43215,0.0091758,-0.20382,-0.11880,0.70856,0.48023,-0.76843,-0.71616,0.43595,0.52141,-0.070593,0.058085,0.016271,-0.64958,-0.29803,0.86187,0.60301,-0.61080,-0.56203,0.17978,0.084859,0.035671,0.54499,0.12441,-0.90075,-0.44842,0.76919,0.54700,-0.32432,-0.20641,-0.032016,-0.40872,0.022536,0.88214,0.26778,-0.89389,-0.47563,0.48768,0.29040,-0.025849,0.25826
0.14434,-0.58333,-0.096224,-0.19444,-0.46509,0.51852,0.90345,-0.24383,-0.58091,-0.0072006,-0.27383,-0.24006,0.80326,0.63294,-0.57035,-0.46940,0.051633,-0.30656,0.053506,0.93885,0.24208,-0.77458,-0.28144,0.071205,-0.27292,0.35958,0.89405,-0.19204,-0.82241,-0.062167,0.055732,-0.16771,0.61538,0.67325,-0.58437,-0.71205,0.14137,0.020386,-0.0034635,0.76449,0.31639,-0.85904,-0.47298,0.29049,-0.014006,0.19056,0.76939,-0.10845,-0.96443,-0.15858,0.36236,-0.027727,0.37373,0.62053,-0.51841,-0.88317,0.16585,0.35349,-0.0085360,0.50268,0.33984,-0.83245,-0.63498,0.43685,0.27840,0.044106,0.54146,-0.022313,-0.98777,-0.27203,0.60562,0.16439,0.11812,0.47070,-0.39645,-0.95268,0.13221,0.64698,0.043676,0.19159,0.29370,-0.70764,-0.73323,0.49817,0.56299,-0.054875,0.23851,0.037739,-0.89090,-0.37210,0.75631,0.38069,-0.11256,0.23618,-0.25008,-0.90497,0.059873,0.86063,0.14465,-0.12445
0.14434,-0.41667,0.048113,-0.47222,-0.70565,0.50926,0.67892,-0.052468,0.29046,0.10288,-0.94027,-0.42558,0.46350,0.047436,0.25845,0.79496,-0.23559,-0.82920,-0.042628,-0.12639,-0.27350,0.77307,0.68949,-0.40651,-0.20436,-0.086473,-0.76976,-0.069419,0.88410,0.22191,-0.026307,0.34276,-0.53178,-0.88688,0.24394,0.37794,-0.0059949,0.64632,0.35341,-0.82368,-0.44981,0.12170,-0.30889,0.26394,0.98135,0.0026060,-0.51857,0.00063766,-0.46091,-0.56874,0.65148,0.67813,-0.12741,0.19318,-0.021011,-0.95700,-0.29257,0.58278,0.097520,0.26161,0.68256,-0.39401,-0.85652,0.031962,-0.035071,-0.15271,0.82188,0.57501,-0.54299,-0.26128,-0.097757,-0.68366,0.095181,0.94346,0.15257,-0.11676,0.22955,-0.60608,-0.79945,0.39381,0.44734,0.0089907,0.58466,0.19303,-0.91536,-0.39295,0.21528,-0.20427,0.35528,0.92663,-0.15350,-0.60586,-0.016581,-0.41896,-0.42160,0.77184,0.64192,-0.22568,0.095014,-0.12069
0.14434,-0.25000,0.19245,-0.63889,-0.78584,0.33333,0.15503,0.052470,0.90522,0.24383,-0.58744,-0.031551,-0.39104,-0.78772,0.37512,0.54751,0.0022701,0.64060,0.30932,-0.79467,-0.29744,-0.10396,-0.62986,0.32861,0.84704,0.010284,0.26082,0.30416,-0.83937,-0.54709,0.15851,-0.33253,0.22585,0.99068,0.070911,-0.15658,0.20844,-0.72501,-0.71886,0.34523,0.051533,0.10957,0.94708,0.15828,-0.52827,0.026709,-0.48809,-0.76288,0.42864,0.44755,0.020280,0.72370,0.23406,-0.78317,-0.21066,-0.18807,-0.65437,0.40912,0.77453,-0.015299,0.36539,0.25921,-0.87730,-0.45306,0.10756,-0.40158,0.31216,0.96310,0.0085305,-0.055332,0.20625,-0.80221,-0.64113,0.33905,-0.046229,0.17932,0.97124,0.075452,-0.45417,0.068908,-0.58511,-0.72142,0.46751,0.34414,0.055617,0.79402,0.15253,-0.75331,-0.13380,-0.28100,-0.66049,0.48205,0.69020,-0.023211,0.46526,0.20053,-0.89800,-0.36032,0.041151,-0.45502
0.14434,-0.083334,0.33679,-0.69444,-0.70565,0.10185,-0.44370,-0.0030874,0.91057,0.16872,0.23581,0.60871,-0.54033,-0.54744,-0.020322,-0.74992,-0.20193,0.66909,0.040965,0.43396,0.82512,-0.31371,-0.24658,0.0046360,-0.92137,-0.36215,0.34729,-0.21536,0.47218,0.90706,-0.10534,0.12481,0.15869,-0.91786,-0.40543,0.038691,-0.53113,0.36424,0.81511,0.0038478,0.47195,0.37756,-0.75222,-0.29152,-0.17153,-0.81371,0.17129,0.56262,-0.030541,0.70744,0.57215,-0.48573,-0.032173,-0.23377,-0.97683,-0.018896,0.21191,-0.20156,0.77891,0.65813,-0.20795,0.31183,-0.14959,-0.96850,-0.12132,-0.14541,-0.45309,0.68534,0.58408,-0.0074163,0.64979,0.029512,-0.78792,-0.082164,-0.41755,-0.69810,0.47661,0.34896,0.057106,0.88993,0.21962,-0.48584,0.10299,-0.54172,-0.84721,0.23673,0.0033312,-0.024407,0.96869,0.33260,-0.14829,0.38720,-0.50368,-0.83808,0.055872,-0.36638,-0.21034,0.87103,0.30560,0.13103
0.14434,0.25000,0.62546,-0.47222,-0.064151,-0.083331,-0.96760,-0.15123,-0.39381,-0.75309,0.31422,-0.14575,-0.020397,0.87414,0.099523,0.48281,0.83701,-0.17250,0.35864,0.15000,-0.73046,0.0078318,-0.51100,-0.86414,0.065732,-0.55295,-0.28525,0.55309,-0.16074,0.47982,0.82802,-0.0078947,0.70922,0.40507,-0.36231,0.34321,-0.39796,-0.72962,0.0065618,-0.81239,-0.49013,0.17963,-0.53526,0.28026,0.57723,-0.061986,0.85369,0.52522,-0.025218,0.71538,-0.14584,-0.38552,0.16705,-0.83163,-0.50120,-0.084614,-0.86312,0.015738,0.17373,-0.30816,0.75220,0.41613,0.13934,0.96160,0.089676,0.036624,0.46688,-0.62806,-0.27552,-0.13549,-0.99956,-0.15327,-0.22438,-0.62224,0.47702,0.091716,0.077091,0.97273,0.16323,0.37128,0.75328,-0.31982,0.11757,0.024905,-0.88436,-0.11458,-0.46413,-0.84166,0.17757,-0.33142,-0.15395,0.74482,0.0097911,0.49646,0.87387,-0.069155,0.52820,0.28998,-0.57031,0.14150
0.28868,-0.50000,-0.19245,-0.055558,-0.60943,-0.33333,0.75911,0.78395,-0.13542,-0.25308,0.079590,-0.42662,-0.78208,0.15295,0.90787,0.31696,-0.18844,0.14952,-0.055166,-0.84745,-0.52552,0.59237,0.63649,-0.011695,0.13520,0.31820,-0.50791,-0.94901,-0.017075,0.65727,0.19951,0.064208,0.51765,0.063823,-0.91443,-0.62874,0.35408,0.33704,-0.012531,0.46139,0.58875,-0.44066,-0.94479,-0.13807,0.31763,-0.053397,0.19431,0.81821,0.24164,-0.80689,-0.58398,0.13131,-0.048439,-0.14221,0.65212,0.80279,-0.27566,-0.76107,-0.14451,-0.019517,-0.38482,0.18237,0.97393,0.39581,-0.57077,-0.37653,-0.00038183,-0.42778,-0.35733,0.67644,0.88306,-0.092560,-0.44023,-0.010842,-0.26874,-0.70802,0.058060,0.94761,0.44862,-0.28625,-0.042101,-0.0011065,-0.71027,-0.58067,0.55411,0.78856,0.026818,-0.062813,0.23922,-0.37668,-0.93301,-0.11050,0.75324,0.35327,-0.042064,0.34291,0.12075,-0.83393,-0.72616,0.34790
0.28868,-0.33333,0.096225,-0.11111,-0.93017,-0.48148,0.45974,0.20987,0.0035639,0.73662,0.62843,-0.46227,-0.52468,-0.00045725,-0.46318,-0.67779,0.35907,0.78397,0.10702,0.17069,0.60059,-0.19449,-0.93527,-0.29784,0.077953,-0.39834,0.027455,0.95067,0.52322,-0.23336,0.10320,0.083800,-0.83352,-0.72167,0.27160,0.22959,-0.096830,0.61736,0.83548,-0.19982,-0.53500,-0.0039792,-0.35747,-0.82541,0.053925,0.75403,0.20314,0.11688,0.68085,0.11089,-0.84795,-0.45767,0.049314,-0.42285,-0.23453,0.80759,0.70766,-0.10762,0.099243,0.26763,-0.65521,-0.89121,0.054334,0.22680,-0.18442,0.43859,0.95989,0.083846,-0.49218,-0.010318,-0.21875,-0.89100,-0.25690,0.64907,0.28194,0.054476,0.69337,0.40449,-0.67647,-0.57428,0.012531,-0.40544,-0.47151,0.58487,0.82334,0.031870,0.085871,0.42251,-0.41317,-0.97314,-0.17080,0.20071,-0.25103,0.21844,0.98950,0.36075,-0.39951,-0.018180,-0.061259,-0.86855
0.43301,-0.58333,-0.86602,-0.19444,0.52924,0.51852,0.016037,-0.24383,-0.096224,-0.0072006,-0.19423,-0.24006,0.18591,0.63294,0.37896,-0.46940,-0.91321,-0.30656,0.71227,0.93885,0.10899,-0.77458,-0.71838,0.071205,0.58841,0.35958,-0.10456,-0.19204,-0.019398,-0.062167,-0.28402,-0.16771,0.37862,0.67325,0.14999,-0.71205,-0.84579,0.020386,0.90745,0.76449,-0.21464,-0.85904,-0.49884,0.29049,0.56013,0.19056,-0.16165,-0.10845,0.013148,-0.15858,-0.33591,-0.027727,0.55993,0.62053,-0.13048,-0.88317,-0.66691,0.35349,0.99146,0.50268,-0.49406,-0.83245,-0.24513,0.43685,0.46256,0.044106,-0.15532,-0.022313,-0.010621,-0.27203,-0.32617,0.16439,0.69396,0.47070,-0.42439,-0.95268,-0.39706,0.64698,0.95373,0.19159,-0.69379,-0.70764,0.0025375,0.49817,0.32421,-0.054875,-0.099290,0.037739,-0.089123,-0.37210,-0.24218,0.38069,0.74982,0.23618,-0.68889,-0.90497,-0.071160,0.86063,0.80185,-0.12445
0.43301,-0.41667,-0.43301,-0.027779,-0.19245,-0.60185,-0.20849,0.73765,0.91414,0.10288,-0.46865,-0.20610,0.00059089,-0.43267,-0.63912,0.10970,0.93129,0.68276,-0.16131,-0.36916,-0.011729,-0.12110,-0.66047,-0.51257,0.45530,0.96171,0.37606,-0.29148,-0.17189,0.072042,-0.35507,-0.78932,-0.24200,0.73557,0.82662,0.085596,-0.26449,0.038351,0.0052017,-0.62418,-0.76234,0.10668,0.87724,0.57429,-0.10509,-0.10928,0.17339,-0.20101,-0.83691,-0.57096,0.44231,0.84979,0.28779,-0.14730,0.10292,0.17064,-0.48750,-0.91699,-0.25812,0.67754,0.67505,0.058198,-0.042653,0.28200,0.013721,-0.76632,-0.82822,0.095316,0.75658,0.41984,-0.044873,0.15779,0.34859,-0.26195,-0.94892,-0.58637,0.39622,0.67285,0.17419,0.0043700,0.37032,0.26007,-0.58024,-0.97479,-0.25437,0.56887,0.47068,0.022100,0.17970,0.50605,0.024813,-0.84867,-0.83103,0.077778,0.57902,0.23070,0.014283,0.41155,0.50006,-0.30011
0.43301,-0.083333,0.43301,0.63889,-0.19245,-0.56482,0.016036,-0.0030883,-0.81791,-0.81893,-0.076624,-0.18141,-0.78703,-0.37460,0.42529,0.17921,-0.26023,0.36183,0.94551,0.40470,0.012035,0.62219,0.81306,-0.012582,-0.31126,0.26792,0.14797,-0.71679,-0.71281,-0.051610,-0.29086,-0.93559,-0.51232,0.21979,-0.095082,-0.48278,0.21529,0.79304,0.27366,0.0079241,0.71593,0.90776,0.11914,-0.074473,0.52880,0.33863,-0.54294,-0.51441,0.071644,-0.29759,-0.98289,-0.56793,0.067382,-0.34157,-0.70471,0.033331,0.57325,0.058322,-0.091958,0.70308,0.89881,0.16738,0.10163,0.75076,0.52207,-0.33836,-0.25746,0.27150,-0.20878,-0.92169,-0.52073,0.0010979,-0.51785,-0.87901,-0.13678,0.33007,-0.20497,-0.26305,0.59450,0.78301,0.11475,0.18648,0.89346,0.65246,-0.15076,0.012475,0.50951,-0.051881,-0.76668,-0.37143,0.035087,-0.59622,-0.96782,-0.25041,0.11154,-0.46955,-0.46509,0.42063,0.57888,-0.034413
